{"n":"Hayward National Golf Club","src":"OpenStreetMap, ODbL","holes":[{"h":11,"par":4,"y":404,"t":[-91.49363,46.01562],"g":[-91.49526,46.01279]},{"h":12,"par":3,"y":214,"t":[-91.49566,46.01249],"g":[-91.49795,46.01317]},{"h":13,"par":5,"y":500,"t":[-91.49857,46.01337],"g":[-91.49472,46.01632]}],"hz":[["b",-91.49422,46.01373],["b",-91.49526,46.01294],["b",-91.49521,46.01268],["b",-91.49781,46.0133]]}