{"n":"Henderson Lake Golf Course","src":"OpenStreetMap, ODbL","holes":[{"h":1,"par":4,"y":406,"t":[-112.79981,49.6854],"g":[-112.80496,49.68527]}],"hz":[["b",-112.80265,49.68642],["b",-112.80299,49.68636],["b",-112.80521,49.68597],["b",-112.80497,49.68567],["b",-112.80501,49.68541],["b",-112.80477,49.68519],["b",-112.80493,49.68505],["b",-112.80311,49.6855],["b",-112.80291,49.68554],["w",-112.80026,49.68594],["w",-112.80258,49.68587],["w",-112.80472,49.68596]]}